Aaddress_id,Abuilding_name_number,Astreet,Acity,Acountry,Apostcode,Cemail_id
1,25542 Erin Mountains,Mcdonald Park,West Pamelachester,Wallis and Futuna,F8ADF7,jason57@yahoo.com
2,151 Colon Rapid,Robert Center,Port Kellyfurt,Honduras,JNV07O,jason57@yahoo.com
3,887,Mary Trail,Jameston,Jersey,83XPHX,jason57@yahoo.com
4,39442,Zamora Alley,Marymouth,Tanzania,BVSIGB,jason57@yahoo.com
5,2819 Morris Island,Susan Greens,Riosview,Malaysia,9DJOYO,jason57@yahoo.com
6,107 Nicole Shoal,Sullivan Burg,Lake Andrea,Georgia,0CDK36,jason57@yahoo.com
7,7354,Gabriela Tunnel,East Crystalview,Australia,VH7UJO,lewismatthew@wade-peterson.org
8,25542 Erin Mountains,Mcdonald Park,West Pamelachester,Wallis and Futuna,F8ADF7,lewismatthew@wade-peterson.org
9,395,Teresa Passage,East Andrewfurt,Ghana,2853UY,lewismatthew@wade-peterson.org
10,45331,Smith Causeway,Leeborough,Andorra,18QQVA,lewismatthew@wade-peterson.org
11,151 Colon Rapid,Robert Center,Port Kellyfurt,Honduras,JNV07O,lewismatthew@wade-peterson.org
12,62079 Stephanie Loop,Gavin Common,Katieberg,Oman,YIL8SA,cmorris@johnson.com
13,340 Miles Mews,Gallegos Points,Patriciaburgh,Palau,KO0MTG,cmorris@johnson.com
14,1454 Williams Walk,Ryan Stream,Adamville,Korea,6J8Y6R,cmorris@johnson.com
15,1454 Williams Walk,Ryan Stream,Adamville,Korea,6J8Y6R,cmorris@johnson.com
16,5388,Robert Plains,Rangelport,Oman,I44M2E,cmorris@johnson.com
17,340 Miles Mews,Gallegos Points,Patriciaburgh,Palau,KO0MTG,cmorris@johnson.com
18,05843 Pham Plains,Parsons Via,Natalieton,Trinidad and Tobago,4NL65U,ramirezyolanda@hotmail.com
19,00254 Jessica Summit,Mary Extension,Moorefurt,Slovenia,96KHUB,ramirezyolanda@hotmail.com
20,53699,Joshua Bypass,Williamsonburgh,Liechtenstein,SOYG9Z,ramirezyolanda@hotmail.com
21,33628 Rodriguez Centers,Jones Canyon,West Anthony,Venezuela,AHULWJ,ramirezyolanda@hotmail.com
22,787 Robertson Drives,Mary River,New Ian,Turks and Caicos Islands,J8MGPP,ramirezyolanda@hotmail.com
23,,Cody Falls,Reeseside,Lithuania,KGEUID,ramirezyolanda@hotmail.com
24,54201 Meghan Stream,Brittany Station,Williefort,Belize,T4H20R,ramirezyolanda@hotmail.com
25,1432 Farmer Streets,Brittney Manors,West Derekville,Somalia,94SZ2K,ewalters@gmail.com
26,219 Keller Trail,Martin Roads,Jenniferburgh,Sri Lanka,OYC3RW,ewalters@gmail.com
27,,Marcus Creek,East Shelia,Paraguay,MU3MOM,andreamiller@lee.com
28,5486 Collins Walk,Jennifer Estates,New Chelseaview,Iceland,UXT9KL,andreamiller@lee.com
29,3627,Todd Stream,North Christopherton,Costa Rica,NKWFG3,andreamiller@lee.com
30,343,Brittany Field,East Jordan,Chad,CMLXZV,andreamiller@lee.com
31,,Padilla Manor,Weaverville,Turkey,0SQG4E,andreamiller@lee.com
32,8204,Adrian Harbor,Port Anthony,Pitcairn Islands,HOD7RB,andreamiller@lee.com
33,89158 Grimes Neck,Reynolds Green,Georgestad,Hong Kong,DWD7OI,andreamiller@lee.com
34,7315 George Heights,Ashley Throughway,Lisahaven,Poland,E4BX4L,darrell34@hancock.com
35,,Mark Rue,Jacobstad,Sao Tome and Principe,E8TVQ0,darrell34@hancock.com
36,,Butler Vista,Davidchester,Liechtenstein,6RIDLO,darrell34@hancock.com
37,25542 Erin Mountains,Mcdonald Park,West Pamelachester,Wallis and Futuna,F8ADF7,darrell34@hancock.com
38,438 Charles Village,Felicia Light,West Richardside,Qatar,MQA78R,allenjohn@warren.net
39,8204,Adrian Harbor,Port Anthony,Pitcairn Islands,HOD7RB,allenjohn@warren.net
40,108 Dennis Center,Fisher Square,Lewismouth,Algeria,2TG5PI,allenjohn@warren.net
41,,Hunter Viaduct,Lake Lucasfort,Netherlands Antilles,HCWS2W,allenjohn@warren.net
42,,John Villages,Port Chrisborough,Faroe Islands,XTJGCE,allenjohn@warren.net
43,7315 George Heights,Ashley Throughway,Lisahaven,Poland,E4BX4L,allenjohn@warren.net
44,,Jodi Crossing,Lake Jamesberg,Israel,GABTGD,allenjohn@warren.net
45,5712,Nicholas Estate,Riversville,Zimbabwe,IFRML2,allenjohn@warren.net
46,51591 Richardson Rue,James Freeway,Kennethberg,Montserrat,L48C1C,lle@yahoo.com
47,40854 Brandon Inlet,Landry Lights,Hickshaven,Macao,6JNA9Z,lle@yahoo.com
48,380,Stewart Bridge,Sheilaside,Dominican Republic,0BQ1S9,lle@yahoo.com
49,,Gilbert Island,Kathryntown,Cyprus,F00TER,lle@yahoo.com
50,3129,Valerie Glens,Leview,Cocos (Keeling) Islands,5HEWLG,lle@yahoo.com
51,45394,Heather Oval,North Erica,Saint Barthelemy,AB2RVN,gainesthomas@mccormick.com
52,340 Miles Mews,Gallegos Points,Patriciaburgh,Palau,KO0MTG,gainesthomas@mccormick.com
53,5910,Mcdonald Bypass,Andersontown,Faroe Islands,CXZ2EI,gainesthomas@mccormick.com
54,,Yvonne Ports,Tranton,Serbia,0AN0JB,gainesthomas@mccormick.com
55,8038,Karen Trail,Port Randytown,Falkland Islands (Malvinas),UTLQ5V,bstokes@gmail.com
56,39758 Aguirre Summit,Jessica Grove,Lake Mirandastad,Moldova,CFKJNA,bstokes@gmail.com
57,164,Smith Street,Wallsfurt,Bulgaria,5WNWLC,bstokes@gmail.com
58,6619,Joseph Mountains,New Tina,Fiji,SRTWLX,bstokes@gmail.com
59,108 Dennis Center,Fisher Square,Lewismouth,Algeria,2TG5PI,bstokes@gmail.com
60,62586 Jenna Route,Evan Keys,Lake Lisa,South Georgia and the South Sandwich Islands,4E5HRD,bstokes@gmail.com
61,,Butler Turnpike,Shawnport,Chile,SZJNVC,bstokes@gmail.com
62,880 Teresa Unions,Mays Pines,Joshuaborough,Rwanda,QXM063,walkerbreanna@pena.biz
63,10774 Andrea Light,Amy Flat,Duaneport,Tajikistan,3JBCK8,walkerbreanna@pena.biz
64,84863 Toni Gateway,Jason Ridge,Lamview,Nigeria,DINGXU,walkerbreanna@pena.biz
65,1159,Madison Rapid,Lake Deantown,Qatar,1UYZPD,xhoffman@gmail.com
66,,Hernandez Corner,North Jerry,Korea,XTV76T,xhoffman@gmail.com
67,,Shelby Well,West Charlesmouth,Palau,3LITNT,rochajames@hotmail.com
68,,Kim Crossing,New Mark,Norfolk Island,QO09VS,rochajames@hotmail.com
69,507,Shawn Ferry,Rodgerschester,Greenland,KH4A3Y,rochajames@hotmail.com
70,81185 Joshua Avenue,Galloway Drive,West Theresafort,Djibouti,DQFJ6I,rochajames@hotmail.com
71,373,Moody Meadows,West Jennifer,French Guiana,UUHCLR,rochajames@hotmail.com
72,7738 Lawrence Oval,Jamie Ranch,New Adam,Lao People's Democratic Republic,VK0UCC,tanyathompson@rivera-benton.info
73,,Madison Burg,South Michaelview,Djibouti,O55IXV,tanyathompson@rivera-benton.info
74,164,Smith Street,Wallsfurt,Bulgaria,5WNWLC,tanyathompson@rivera-benton.info
75,107 Nicole Shoal,Sullivan Burg,Lake Andrea,Georgia,0CDK36,tanyathompson@rivera-benton.info
76,870 Russell Course,Alyssa Path,Taylorport,Antigua and Barbuda,LZFY98,tanyathompson@rivera-benton.info
77,668 Matthew Summit,Angela Courts,Erinview,Saint Barthelemy,HKOECU,tanyathompson@rivera-benton.info
78,,Butler Turnpike,Shawnport,Chile,SZJNVC,tanyathompson@rivera-benton.info
79,870 Russell Course,Alyssa Path,Taylorport,Antigua and Barbuda,LZFY98,hansonolivia@gmail.com
80,71585 Ochoa Rapid,Campbell Lodge,Fergusonshire,Svalbard & Jan Mayen Islands,1RHOUU,hansonolivia@gmail.com
81,83408 Johnson Light,Kim Extension,Lake Mariaberg,Niger,IJPYUE,hansonolivia@gmail.com
82,,David Turnpike,Lisaview,Yemen,GMX1GM,hansonolivia@gmail.com
83,66626,Russell Curve,East David,Aruba,7IYF0D,omurphy@gmail.com
84,53599 Taylor Plaza,Fleming Ville,East Tasha,Gabon,8753AY,omurphy@gmail.com
85,,Shelby Well,West Charlesmouth,Palau,3LITNT,omurphy@gmail.com
86,02690,Heather Haven,South Ryanland,Suriname,0HT1TW,omurphy@gmail.com
87,036 Wilson Knolls,Matthew Knoll,Ellisonberg,Brazil,N6SJCH,omurphy@gmail.com
88,3687,Erin Circle,Muellerchester,Cook Islands,Q8CXX6,omurphy@gmail.com
89,910 Sarah Loaf,Tina Ford,West Jonathanside,Norfolk Island,A5XIN9,omurphy@gmail.com
90,765,Amy Extension,Port Nicole,Turkey,GSQ7AI,qthompson@yahoo.com
91,,Thornton Road,Jeffreymouth,Cambodia,0AYMK9,robert99@barber.com
92,766,Brown Shores,North Brianaburgh,Greece,W563BT,robert99@barber.com
93,822 Thomas Walks,Reilly Brooks,Lake Melindashire,Cote d'Ivoire,MOE0SY,robert99@barber.com
94,9774 Lisa Lights,Bryan Fall,Lake Richard,Senegal,PUPLVQ,robert99@barber.com
95,787 Robertson Drives,Mary River,New Ian,Turks and Caicos Islands,J8MGPP,robert99@barber.com
96,64242 Miller Ford,Denise Grove,Joelville,Malaysia,5LZSE9,robert99@barber.com
97,9863 Serrano Pass,Conway Loop,Lake Kristina,Reunion,XUFCTZ,robert99@barber.com
98,,Cody Falls,Reeseside,Lithuania,KGEUID,robert99@barber.com
99,,Mitchell Union,West Jamieberg,Puerto Rico,K03W0F,kimberlyjohnson@yahoo.com
100,33628 Rodriguez Centers,Jones Canyon,West Anthony,Venezuela,AHULWJ,kimberlyjohnson@yahoo.com
101,822 Thomas Walks,Reilly Brooks,Lake Melindashire,Cote d'Ivoire,MOE0SY,kimberlyjohnson@yahoo.com
102,3798 Foster Extensions,Robinson Plains,Port Andrea,Sao Tome and Principe,VIAC2E,kimberlyjohnson@yahoo.com
103,,Jensen Brook,Hopkinsbury,Liberia,GNRFIO,kimberlyjohnson@yahoo.com
104,754 Elizabeth Landing,Harris Fort,Dukeville,Estonia,091C79,jeffery77@gmail.com
105,,Zimmerman Prairie,Jodymouth,Venezuela,55P1V3,jeffery77@gmail.com
106,6521,Patterson Run,Alexandermouth,Fiji,SQ3B9S,jeffery77@gmail.com
107,4085 Burton Brook,Emily Heights,Shawnberg,Lithuania,USWBKO,jeffery77@gmail.com
108,,Monroe Summit,West Kristin,Andorra,FK7Y6Q,cookmaurice@mckay.info
109,516 Gibson Rest,Brandy Common,South Jeffreyberg,Rwanda,0E27ZE,cookmaurice@mckay.info
110,666,Kimberly Pines,Port Brandy,Marshall Islands,GVZHQJ,cookmaurice@mckay.info
111,1468 Linda Square,Steven Tunnel,Kingburgh,Tonga,ZEEQNS,cookmaurice@mckay.info
112,75073 Lam Tunnel,Vega Ridges,Port Susan,Bahamas,NN16UX,simpsonedward@davis.net
113,,Cody Falls,Reeseside,Lithuania,KGEUID,simpsonedward@davis.net
114,666,Kimberly Pines,Port Brandy,Marshall Islands,GVZHQJ,simpsonedward@davis.net
115,40854 Brandon Inlet,Landry Lights,Hickshaven,Macao,6JNA9Z,simpsonedward@davis.net
116,,Hunter Plaza,Smithport,Norfolk Island,WEEHWJ,simpsonedward@davis.net
117,01567,Michael Cliffs,Port Gracebury,Guadeloupe,VRHXQP,simpsonedward@davis.net
118,70037 Jennifer Terrace,White Cliffs,East Megan,New Zealand,5KW3HG,paul76@gmail.com
119,5910,Mcdonald Bypass,Andersontown,Faroe Islands,CXZ2EI,paul76@gmail.com
120,2819 Morris Island,Susan Greens,Riosview,Malaysia,9DJOYO,paul76@gmail.com
121,,Price Drive,Wolfeshire,Jamaica,7BPGYV,paul76@gmail.com
122,8988 Derek Brook,Goodwin Ramp,Baldwinhaven,Kyrgyz Republic,80MB1L,paul76@gmail.com
123,3655 Derek Cliff,Lisa Junction,Port Barbara,Monaco,14CQE4,paul76@gmail.com
124,672,Paige Plains,Williamberg,Peru,ZWD0W9,paul76@gmail.com
125,,Brown Pines,Scottside,Iran,VLS9ME,paul76@gmail.com
126,,Long River,Nicholechester,Sudan,35IKGE,paul76@gmail.com
127,259 Diane Orchard,Davis Vista,Petersonchester,Sierra Leone,0HWOBM,matthewphillips@yahoo.com
128,657 Michael Walk,Anthony Ports,Salazarton,Croatia,AHK2LS,matthewphillips@yahoo.com
129,7075 Jenkins Skyway,Robertson Bridge,Port Jessicaborough,Lesotho,ELOU83,matthewphillips@yahoo.com
130,45394,Heather Oval,North Erica,Saint Barthelemy,AB2RVN,matthewphillips@yahoo.com
131,,Richardson Skyway,Mitchellstad,Lebanon,2XRW6T,matthewphillips@yahoo.com
132,86662,Holland Rapids,Christopherbury,Qatar,4K0LTH,matthewphillips@yahoo.com
133,4714,Roger Trail,Reyesmouth,Congo,8KB9W4,matthewphillips@yahoo.com
134,443 Brandon Mall,Phillips Junction,Deborahport,Guinea,V51ZLB,jnewman@gmail.com
135,9738,William Groves,North Michaelberg,France,N3KSGN,jnewman@gmail.com
136,343,Brittany Field,East Jordan,Chad,CMLXZV,jnewman@gmail.com
137,70691,Jeffrey Fork,South Kenneth,Northern Mariana Islands,26FMR5,jnewman@gmail.com
138,176,Christina Pass,Williamside,Sweden,1D9S9H,jnewman@gmail.com
139,6619,Joseph Mountains,New Tina,Fiji,SRTWLX,jnewman@gmail.com
140,605 Haley Heights,Johnston Burgs,New Richardport,Anguilla,A7YVDQ,jnewman@gmail.com
141,71585 Ochoa Rapid,Campbell Lodge,Fergusonshire,Svalbard & Jan Mayen Islands,1RHOUU,jnewman@gmail.com
142,5217,Gutierrez Rue,Franciston,Croatia,UL6LGJ,jnewman@gmail.com
143,078 Darrell Camp,Kathy Trail,Lake Donald,Uruguay,JFE8UD,sabrina88@gmail.com
144,,Mendoza Stravenue,North Cody,Antarctica (the territory South of 60 deg S),FZKICW,sabrina88@gmail.com
145,05620,Walter Dam,Joshuaburgh,Svalbard & Jan Mayen Islands,EQYDBP,sabrina88@gmail.com
146,,Thornton Road,Jeffreymouth,Cambodia,0AYMK9,sabrina88@gmail.com
147,,Williams Hills,East Rebecca,Denmark,L3ZYT9,sabrina88@gmail.com
148,499 Jones Oval,Joanna Field,New Danielle,Montserrat,37QQYZ,novakwalter@gmail.com
149,33394 Kathleen Isle,Caldwell Brooks,Hallside,Uruguay,8F6JNG,novakwalter@gmail.com
150,,Jason Island,South Sarah,Martinique,QBRMQG,novakwalter@gmail.com
151,19882 Dakota Pass,Donald Locks,Richardsfurt,Guernsey,SOZDUC,novakwalter@gmail.com
152,,Black Common,East Michelle,Tuvalu,VIIFRC,novakwalter@gmail.com
153,,George Fork,Mcguirechester,Faroe Islands,UMYGY0,novakwalter@gmail.com
154,782,Jessica Ridges,East Anthonyburgh,Costa Rica,VQT3G8,novakwalter@gmail.com
155,,Myers Station,New Christine,Samoa,RXD356,randy47@henson-richardson.com
156,88883 Wells Port,Justin Village,Jamesbury,Lao People's Democratic Republic,XQKWQH,daviessamantha@hotmail.com
157,,Saunders Terrace,West Robert,Western Sahara,77Z69U,daviessamantha@hotmail.com
158,08401,Lisa Roads,Port Jessica,Norway,4C68AU,daviessamantha@hotmail.com
159,575 Thomas Estates,Roman Path,Lindaton,Croatia,55IZOL,daviessamantha@hotmail.com
160,,Darius Garden,Coopershire,Armenia,TXRGN7,daviessamantha@hotmail.com
161,712 Ortiz Valleys,Dawn Mountain,Mariamouth,Saint Pierre and Miquelon,K5EAXF,daviessamantha@hotmail.com
162,414,Jacob Square,Port Samuelside,Canada,DXOQ2V,daviessamantha@hotmail.com
163,091 Snow Freeway,Timothy Hollow,Wagnertown,Brunei Darussalam,QP3NIP,daviessamantha@hotmail.com
164,88883 Wells Port,Justin Village,Jamesbury,Lao People's Democratic Republic,XQKWQH,daviessamantha@hotmail.com
165,07746 Cox Dam,Baker Parkways,Lake Davidport,Niger,ZJ7UBB,daviessamantha@hotmail.com
166,42052 Briana Falls,Ferguson Creek,Lake Michael,Burkina Faso,U8C0S4,andreagarza@smith.com
167,,Joshua Hollow,Port Debbieside,Chile,SSVIWX,andreagarza@smith.com
168,6548,Kevin Valley,East Jessica,Denmark,6TAQ6U,andreagarza@smith.com
169,,Sandoval Avenue,Tanyahaven,Netherlands,KB700U,andreagarza@smith.com
170,,Jason Island,South Sarah,Martinique,QBRMQG,andreagarza@smith.com
171,594 Charles Haven,Vazquez Loop,Port Jocelyn,Cote d'Ivoire,XK0ARE,andreagarza@smith.com
172,02690,Heather Haven,South Ryanland,Suriname,0HT1TW,andreagarza@smith.com
173,02690,Heather Haven,South Ryanland,Suriname,0HT1TW,timothyboyle@hotmail.com
174,3518,Lisa River,West Patricia,Mali,0V60XN,timothyboyle@hotmail.com
175,81185 Joshua Avenue,Galloway Drive,West Theresafort,Djibouti,DQFJ6I,timothyboyle@hotmail.com
176,4014 Steven Cliffs,Wright Mews,Porterfurt,Uganda,MDF7FR,timothyboyle@hotmail.com
177,940 Raymond Road,Davidson Estates,East Christina,Rwanda,X0GU4B,juliaolson@ford.com
178,4756 Flores Neck,Katie Squares,New Anna,Slovakia (Slovak Republic),BQRR87,juliaolson@ford.com
179,,Holt Estate,New Bryan,Swaziland,JTPK2N,juliaolson@ford.com
180,821 Julie Mount,Wilson Pass,Anthonystad,Costa Rica,DTM4VX,juliaolson@ford.com
181,,Haney Spring,North Richardville,Iraq,2JVQYI,juliaolson@ford.com
182,729 Christina Courts,Hoffman Haven,Wrightville,Jamaica,SY9LAA,juliaolson@ford.com
183,343,Brittany Field,East Jordan,Chad,CMLXZV,strongamanda@gay-flowers.com
184,5217,Gutierrez Rue,Franciston,Croatia,UL6LGJ,kendra66@yahoo.com
185,,Kyle Fall,Douglaston,Namibia,GAD7X4,kendra66@yahoo.com
186,18989 Alexander Point,Johnson Extension,Julietown,Cote d'Ivoire,ZE4EX6,kendra66@yahoo.com
187,886 White Square,Tanya Square,Port Randyside,Sweden,6ZJQ7W,kendra66@yahoo.com
188,,Tamara Lakes,North Carrieside,Puerto Rico,YY1J2J,kendra66@yahoo.com
189,3655 Derek Cliff,Lisa Junction,Port Barbara,Monaco,14CQE4,kendra66@yahoo.com
190,000 Bell Lodge,Pamela Wall,New Ricardo,Belgium,J3GC9H,kendra66@yahoo.com
191,858,Roberts Inlet,East Jonathon,Dominica,F1HX6Z,kendra66@yahoo.com
192,,Cody Falls,Reeseside,Lithuania,KGEUID,richard53@gmail.com
193,67326,Chelsea Center,Saraburgh,Cambodia,6FX7XJ,aprilalvarez@hotmail.com
194,6677,Cooper Ramp,North Keith,Paraguay,S7RP42,aprilalvarez@hotmail.com
195,370 Webb Parks,Reid Expressway,South Benjamin,Palau,A83RU7,aprilalvarez@hotmail.com
196,,Leah Greens,North Jessica,Norfolk Island,B9XN4M,aprilalvarez@hotmail.com
197,5080,Juan Grove,Carriemouth,Serbia,GBNGZ6,aprilalvarez@hotmail.com
198,,Kimberly Haven,Charlestown,Qatar,DW0FGZ,aprilalvarez@hotmail.com
199,,Harold Gardens,East Matthewborough,Japan,CTLT4Q,aprilalvarez@hotmail.com
200,983 Lisa Drives,Lee Skyway,Michaelburgh,India,MMZOHX,aprilalvarez@hotmail.com
201,487 Edwin Tunnel,Reyes Port,Port James,Lesotho,0IC0RA,aprilalvarez@hotmail.com
202,108 Dennis Center,Fisher Square,Lewismouth,Algeria,2TG5PI,deborahdominguez@yahoo.com
203,,Harold Gardens,East Matthewborough,Japan,CTLT4Q,deborahdominguez@yahoo.com
204,822 Thomas Walks,Reilly Brooks,Lake Melindashire,Cote d'Ivoire,MOE0SY,deborahdominguez@yahoo.com
205,572 Ryan Isle,Becker Freeway,Lake Brandyborough,Central African Republic,QGV3DR,deborahdominguez@yahoo.com
206,430 Turner Brook,Russo Locks,Margaretberg,Australia,CHM40O,deborahdominguez@yahoo.com
207,,Haney Spring,North Richardville,Iraq,2JVQYI,deborahdominguez@yahoo.com
208,48158,Robertson Mountains,Brandontown,Gibraltar,1VMEFO,deborahdominguez@yahoo.com
209,55083 White Falls,Dwayne Stravenue,West Robin,Saint Helena,P7BD4W,deborahdominguez@yahoo.com
210,282 Munoz Falls,Bishop Pike,South Shannon,Iran,5CA7ZV,deborahdominguez@yahoo.com
211,884,Burgess Tunnel,Taraton,El Salvador,HXSO7V,josemunoz@clark.com
212,8038,Karen Trail,Port Randytown,Falkland Islands (Malvinas),UTLQ5V,josemunoz@clark.com
213,9253 Ashley Manors,Tracey Hill,Popemouth,Montenegro,W2MAIE,josemunoz@clark.com
214,28282 Williams Cove,Tiffany Gateway,West Deanna,Heard Island and McDonald Islands,W59SQW,josemunoz@clark.com
215,5052 Blanchard Burgs,Martinez Circles,Lynnbury,Sao Tome and Principe,EF46RF,davistravis@webb-freeman.com
216,124 Thomas Alley,James Crest,Rollinston,Yemen,XKPM21,davistravis@webb-freeman.com
217,05843 Pham Plains,Parsons Via,Natalieton,Trinidad and Tobago,4NL65U,davistravis@webb-freeman.com
218,395,Teresa Passage,East Andrewfurt,Ghana,2853UY,marshallcarly@hotmail.com
219,21969 Jason Hollow,Moyer Unions,Kimberlyport,Spain,CIQUP0,marshallcarly@hotmail.com
220,49237 John Prairie,Velasquez Corners,South Miranda,United States Minor Outlying Islands,2LD05N,marshallcarly@hotmail.com
221,,Cook Square,South Jeffrey,Malta,BPHVGN,marshallcarly@hotmail.com
222,235 Benson Throughway,Bailey Estate,North Jeanette,Cuba,W9HEYC,marshallcarly@hotmail.com
223,499 Jones Oval,Joanna Field,New Danielle,Montserrat,37QQYZ,marshallcarly@hotmail.com
224,72688 Stephen Branch,Katrina Meadow,Stephanieborough,Mauritius,1HKF28,marshallcarly@hotmail.com
225,82359 Tammy Field,Taylor Estate,Jonathantown,Taiwan,D4R9V4,marshallcarly@hotmail.com
226,443 Brandon Mall,Phillips Junction,Deborahport,Guinea,V51ZLB,alyssa17@gmail.com
227,4507 Stacey Ridge,Lawson Curve,East Lisa,Samoa,IPI786,alyssa17@gmail.com
228,22230,Bender Orchard,New Jacquelinefurt,Qatar,BQ1BTR,alyssa17@gmail.com
229,6890 Chambers Circles,Middleton Lane,Ryanbury,Sierra Leone,QIUA08,alyssa17@gmail.com
230,99001 Donna Estate,Spencer Shoals,Murrayport,Belgium,XDRKZ4,hsmith@yahoo.com
231,1473 Rogers Prairie,Sharon Station,Ericksonton,Rwanda,9QEZG5,hsmith@yahoo.com
232,08202 Hernandez Spur,Patrick Camp,Kathyport,Tajikistan,4C6LBP,sgillespie@yahoo.com
233,929 Robin Ville,Horn Mission,East Nicholaston,Benin,2C50B8,sgillespie@yahoo.com
234,9231 Moore Ville,Tara Corners,Morrisfurt,India,DNWNGU,sgillespie@yahoo.com
235,22230,Bender Orchard,New Jacquelinefurt,Qatar,BQ1BTR,sgillespie@yahoo.com
236,01301 Lawrence Mount,Denise Hollow,Port Daniel,Indonesia,9IER7U,sgillespie@yahoo.com
237,5622 Haynes Shoal,Zachary Fall,Thomasbury,Australia,11L6SP,sgillespie@yahoo.com
238,01567,Michael Cliffs,Port Gracebury,Guadeloupe,VRHXQP,sgillespie@yahoo.com
239,51105,Bennett Prairie,Robertsfort,American Samoa,QT36QN,sgillespie@yahoo.com
240,73180 Angela Extensions,Lorraine Mountains,East Kimberlyfort,Denmark,G5DOG8,sgillespie@yahoo.com
241,3129,Valerie Glens,Leview,Cocos (Keeling) Islands,5HEWLG,sgillespie@yahoo.com
242,5712,Nicholas Estate,Riversville,Zimbabwe,IFRML2,lindafuller@cohen.net
243,994 Jon Mountains,Christopher Light,Port Peter,Serbia,SWK8TE,lindafuller@cohen.net
244,525,Madden Villages,Dayside,Guatemala,KC5I8X,lindafuller@cohen.net
245,,Johnson Mall,New Ashleyshire,Macedonia,RXTTQU,lindafuller@cohen.net
246,71585 Ochoa Rapid,Campbell Lodge,Fergusonshire,Svalbard & Jan Mayen Islands,1RHOUU,ramirezbryan@yahoo.com
247,,Jamie Islands,Jamesville,Martinique,1BMQF7,ramirezbryan@yahoo.com
248,34684,Jeremiah Station,Christiantown,Saint Kitts and Nevis,94YXFI,ramirezbryan@yahoo.com
249,9863 Serrano Pass,Conway Loop,Lake Kristina,Reunion,XUFCTZ,ramirezbryan@yahoo.com
