Cemail_id,Cfirst_name,Cmiddle_name,Clast_name,Cbirthdate,Cphone_number,Cpassword
Cemail_id,Cfirst_name,Cmiddle_name,Clast_name,Cbirthdate,Cphone_number,Cpassword
jason57@yahoo.com,Zachary,Barbara,Watts,1971-02-14,+1-156-200-7732,&GO0P3hLXI&s
lewismatthew@wade-peterson.org,Carmen,,Wall,1980-12-26,+1-900-927-3649,R0EXSan6#QLi
cmorris@johnson.com,Brian,Bryan,Ruiz,1976-04-05,+1-022-042-5492,q%3^#ozF4uUL
ramirezyolanda@hotmail.com,Ashley,Christine,Schroeder,2000-05-10,+1-883-165-1661,mH9)78Hj#JxI
patricktracey@nichols.org,Kevin,Michele,Smith,1996-06-27,+1-023-038-0902,2ioXJF+k&mFi
ewalters@gmail.com,Eric,,Yang,1971-06-05,+1-247-697-0426,!ZtA)rVo%84$
andreamiller@lee.com,Michael,Michael,Johnson,1974-03-16,+1-132-574-4440,D6*V4u3Kq_9^
darrell34@hancock.com,Brian,Todd,Fletcher,1980-06-08,+1-506-054-0772,)7JkBVMc$HDl
christopherkim@robbins-wang.com,Patricia,Jessica,Garcia,1995-03-06,+1-502-351-4182,6H*QwfYe+2Vl
allenjohn@warren.net,Catherine,Darrell,Martinez,2002-02-13,+1-525-989-2675,ez&F2KZdgxaJ
lle@yahoo.com,William,,Simmons,1979-11-21,+1-925-898-1773,+PWRx9Va2BLl
gainesthomas@mccormick.com,Mary,,Colon,1996-06-07,+1-399-093-2890,Fiz6^#Ru3#Rb
bstokes@gmail.com,Jennifer,,Young,1970-04-17,+1-842-431-1866,i8(ADOp(#4+i
walkerbreanna@pena.biz,Mary,Joseph,Santos,2001-04-26,+1-065-711-7505,A63rMghf%rSF
xhoffman@gmail.com,Eric,,Harmon,1985-04-06,+1-510-140-9498,q6W%U#vCroOG
rochajames@hotmail.com,Jason,,Brooks,1976-12-22,+1-151-618-0658,(_qdWxxW2770
tanyathompson@rivera-benton.info,Joshua,Angela,Bass,2004-04-01,+1-107-490-5868,_cw59wJ&M3)L
hansonolivia@gmail.com,James,,Newman,1974-08-02,+1-337-237-6043,@+JvZmoooN0o
omurphy@gmail.com,Traci,Calvin,Gonzalez,1987-01-16,+1-027-412-0870,P8*M!Zg*#X7j
qthompson@yahoo.com,Amy,Jacob,Carter,1986-02-07,+1-781-802-0717,go1gv7iPZ#dW
robert99@barber.com,Jennifer,,Rocha,1997-01-30,+1-255-779-6787,U#5A#FLwwF#P
rodriguezabigail@gmail.com,Lauren,,Sanders,1971-12-13,+1-805-603-9607,*ERQVVjV5HH3
kimberlyjohnson@yahoo.com,Joseph,,Wagner,1994-01-20,+1-204-708-9882,3bCy@htu(1F7
beverlywatts@yahoo.com,Paul,Tara,Spears,1986-12-24,+1-380-614-1216,t&62Q4r0KAAO
jeffery77@gmail.com,Anna,Walter,Murphy,1994-10-06,+1-875-936-8314,HK$a#HpfNvb6
cookmaurice@mckay.info,Christopher,,Wilson,1998-03-14,+1-937-409-6930,so4hHYhj3&^R
simpsonedward@davis.net,Shane,,Smith,1995-11-25,+1-818-561-6751,c7oGT5np#jr3
paul76@gmail.com,Miranda,Katherine,Tran,2001-08-09,+1-078-465-6499,HS1PpFbV_C9X
matthewphillips@yahoo.com,Zachary,Robert,Hoffman,1972-01-21,+1-810-209-1158,%&7qGfjFyD%C
jnewman@gmail.com,Jennifer,Pamela,Rodriguez,2004-09-04,+1-945-878-9869,h&+*)gj%#7AJ
sabrina88@gmail.com,Antonio,,Sanchez,1973-07-31,+1-444-849-3117,&3uTEE)(YHQ8
novakwalter@gmail.com,Jennifer,Jessica,Tucker,1974-07-13,+1-014-750-1442,L2&+ByYhQJx0
randy47@henson-richardson.com,Matthew,,Ayers,1982-06-21,+1-950-071-4492,KR1GiuP&Wy_J
daviessamantha@hotmail.com,Michelle,,Miller,1998-07-08,+1-158-351-8906,#hLAD_Mn5P^k
andreagarza@smith.com,Carolyn,,Lambert,1977-04-18,+1-951-296-0365,iPB!fDn##r7*
timothyboyle@hotmail.com,John,,Solis,1985-12-08,+1-748-211-2254,%0x^hZ#tdhAk
juliaolson@ford.com,Shawn,Brittany,Bailey,2000-01-24,+1-820-654-8238,h#A5Y3EfHaRd
strongamanda@gay-flowers.com,Ronald,,Fowler,2001-06-25,+1-741-460-5981,)3WfCXy@eFUN
kendra66@yahoo.com,Cynthia,Jennifer,Bradley,1997-04-29,+1-533-681-0815,O5I9v2m&$t1o
richard53@gmail.com,Julie,Isaac,Shields,1993-12-17,+1-331-654-5985,Ap9v5Dyg@3$0
aprilalvarez@hotmail.com,Jeffery,Laura,Fuller,1977-05-01,+1-415-801-3727,lbjDJ*Df8_7A
deborahdominguez@yahoo.com,Cassandra,,Guzman,1987-01-08,+1-826-669-9522,@$8Wt8heV8cB
josemunoz@clark.com,Angela,,Harris,1998-09-16,+1-263-902-9904,m_EJATl7tDz6
davistravis@webb-freeman.com,Nicole,Thomas,Taylor,2000-09-16,+1-654-382-8087,@K7HrC6oO5MH
marshallcarly@hotmail.com,Molly,,Martin,2004-06-19,+1-948-436-2653,j_vBdUv(Xq3A
alyssa17@gmail.com,Kenneth,Darren,Gutierrez,1980-04-10,+1-480-181-9990,cgy8hJKf+u@c
hsmith@yahoo.com,Luke,Darrell,Moore,1984-02-25,+1-231-872-5316,K9VHxOAW+mMU
sgillespie@yahoo.com,Michael,,Lewis,1982-01-04,+1-722-921-0925,o0Taj8Agc%7R
lindafuller@cohen.net,Robert,Laura,Andersen,1979-06-19,+1-836-187-0244,5t+$aUpp684B
ramirezbryan@yahoo.com,Diane,,Valdez,1979-07-16,+1-985-020-4317,&o7RaOag^Udx
