Oorder_number,Odate,Odeduction,Cemail_id,Ppayment_method_id,Dtrack_number
1,2023-09-25,,jason57@yahoo.com,2,1
2,2023-11-21,,ramirezyolanda@hotmail.com,13,2
3,2023-02-27,22.13,andreamiller@lee.com,19,3
4,2023-05-09,30.07,andreamiller@lee.com,18,4
5,2023-05-16,12.45,andreamiller@lee.com,19,5
6,2023-04-04,,andreamiller@lee.com,18,6
7,2023-12-11,,andreamiller@lee.com,19,7
8,2023-09-14,,darrell34@hancock.com,23,8
9,2023-04-09,39.29,darrell34@hancock.com,22,9
10,2023-05-18,,christopherkim@robbins-wang.com,26,
11,2023-06-11,,christopherkim@robbins-wang.com,26,
12,2023-11-27,48.75,christopherkim@robbins-wang.com,26,
13,2023-05-31,1.18,christopherkim@robbins-wang.com,26,
14,2023-02-08,,allenjohn@warren.net,27,14
15,2023-12-19,35.32,allenjohn@warren.net,27,15
16,2023-02-21,,allenjohn@warren.net,27,16
17,2023-07-31,43.7,gainesthomas@mccormick.com,30,17
18,2023-12-20,,bstokes@gmail.com,31,18
19,2023-07-04,22.29,bstokes@gmail.com,31,19
20,2023-07-05,,bstokes@gmail.com,31,20
21,2023-09-07,41.58,walkerbreanna@pena.biz,35,21
22,2023-10-17,,walkerbreanna@pena.biz,32,22
23,2023-05-25,31.72,walkerbreanna@pena.biz,35,23
24,2023-09-30,,walkerbreanna@pena.biz,32,24
25,2023-02-07,,hansonolivia@gmail.com,44,25
26,2023-11-16,0.94,hansonolivia@gmail.com,42,26
27,2023-09-30,,omurphy@gmail.com,49,27
28,2023-04-07,10.31,omurphy@gmail.com,48,28
29,2023-03-07,47.73,omurphy@gmail.com,47,29
30,2023-08-06,11.65,omurphy@gmail.com,48,30
31,2023-03-05,18.76,omurphy@gmail.com,50,31
32,2023-02-17,25.34,robert99@barber.com,52,32
33,2023-06-12,,robert99@barber.com,54,33
34,2023-09-18,,robert99@barber.com,54,34
35,2023-02-03,,robert99@barber.com,54,35
36,2023-01-09,13.74,robert99@barber.com,55,36
37,2023-11-02,43.32,beverlywatts@yahoo.com,59,
38,2023-07-06,5.47,cookmaurice@mckay.info,64,38
39,2023-11-17,,cookmaurice@mckay.info,66,39
40,2023-03-15,2.32,simpsonedward@davis.net,70,40
41,2023-10-02,,novakwalter@gmail.com,81,41
42,2023-11-11,4.82,novakwalter@gmail.com,81,42
43,2023-12-04,,novakwalter@gmail.com,80,43
44,2023-11-11,,novakwalter@gmail.com,81,44
45,2023-03-09,,daviessamantha@hotmail.com,85,45
46,2023-11-20,,daviessamantha@hotmail.com,85,46
47,2023-05-02,,daviessamantha@hotmail.com,84,47
48,2023-08-20,22.66,daviessamantha@hotmail.com,85,48
49,2023-04-06,,andreagarza@smith.com,88,49
50,2023-02-02,21.33,andreagarza@smith.com,88,50
51,2023-04-27,41.5,andreagarza@smith.com,86,51
52,2023-08-12,46.98,juliaolson@ford.com,93,52
53,2023-09-27,7.59,juliaolson@ford.com,93,53
54,2023-02-21,31.75,juliaolson@ford.com,92,54
55,2023-08-28,,kendra66@yahoo.com,98,55
56,2023-04-17,30.66,kendra66@yahoo.com,98,56
57,2023-03-15,,kendra66@yahoo.com,97,57
58,2023-08-03,,kendra66@yahoo.com,99,58
59,2023-07-25,,richard53@gmail.com,101,59
60,2023-09-24,,richard53@gmail.com,100,60
61,2023-04-29,14.94,richard53@gmail.com,103,61
62,2023-06-24,47.47,aprilalvarez@hotmail.com,104,62
63,2023-11-17,,aprilalvarez@hotmail.com,104,63
64,2023-05-04,33.25,deborahdominguez@yahoo.com,110,64
65,2023-05-09,16.44,deborahdominguez@yahoo.com,110,65
66,2023-10-27,,deborahdominguez@yahoo.com,109,66
67,2023-11-07,46.26,deborahdominguez@yahoo.com,111,67
68,2023-05-03,,deborahdominguez@yahoo.com,108,68
69,2023-11-18,21.59,josemunoz@clark.com,115,69
70,2023-05-30,40.09,marshallcarly@hotmail.com,121,70
71,2023-06-16,,marshallcarly@hotmail.com,121,71
72,2023-07-25,39.05,marshallcarly@hotmail.com,123,72
73,2023-06-06,,alyssa17@gmail.com,128,73
74,2023-11-15,,alyssa17@gmail.com,128,74
75,2023-06-22,44.79,hsmith@yahoo.com,131,75
76,2023-10-25,,hsmith@yahoo.com,130,76
77,2023-04-12,,hsmith@yahoo.com,130,77
78,2023-02-23,36.81,hsmith@yahoo.com,131,78
79,2023-12-08,1.32,sgillespie@yahoo.com,132,79
80,2023-11-28,7.27,sgillespie@yahoo.com,133,80
81,2023-07-31,,lindafuller@cohen.net,134,81
82,2023-07-09,,lindafuller@cohen.net,135,82
83,2023-06-14,49.31,lindafuller@cohen.net,134,83
84,2023-10-02,,lindafuller@cohen.net,135,84
85,2023-08-24,24.86,lindafuller@cohen.net,134,85
86,2023-02-02,3.27,ramirezbryan@yahoo.com,137,86
87,2023-08-09,47.14,ramirezbryan@yahoo.com,139,87
88,2023-04-30,43.8,ramirezbryan@yahoo.com,138,88
89,2023-10-28,,ramirezbryan@yahoo.com,138,89
